"","baseMean","log2FoldChange","lfcSE","stat","pvalue","padj"
"g1133",795.881169162546,5.25796886734882,0.493824730223289,10.6474393556017,1.79227351870921e-26,3.26910689812559e-23
"g1784",673.967060213988,3.89316487753092,0.3966932129985,9.81404458146262,9.79615401590559e-23,8.9340924625059e-20
"g264",928.089224484832,-3.77896165550829,0.388439906007435,-9.72856186263199,2.27790553055781e-22,1.38496656257915e-19
"g971",595.610004571504,3.73057018319606,0.408838046227649,9.12481168917143,7.1861079774999e-20,3.27686523773995e-17
"g1783",960.473562277652,3.51497071400131,0.402775771019714,8.72686732149355,2.61823944896771e-18,9.55133750983422e-16
"g1085",855.234318845934,-2.4130067426845,0.290069314059223,-8.31872461418597,8.89148690371695e-17,2.70301201872995e-14
"g1492",2281.3439059085,-2.84885914964058,0.348848671177918,-8.16646123380993,3.17567386871327e-16,8.27489876647571e-14
"g154",36664.3878885992,4.29405869217472,0.529145508078209,8.11508106299571,4.85460644357793e-16,1.10685026913577e-13
"g2471",2887.39000882612,2.46255293806696,0.304473288137544,8.08791126844111,6.06965960284665e-16,1.23011767951026e-13
"g958",483.774840781033,2.62941296299446,0.325964330766261,8.06656653755143,7.23026853874568e-16,1.31880098146721e-13
"g1671",596.678196164931,-3.01809466185644,0.393324835037453,-7.67328780947447,1.67642753055765e-14,2.77982165067013e-12
"g2052",916.417067516472,-4.20570537368106,0.563814890837716,-7.45937264521734,8.69354120864265e-14,1.32141826371368e-11
"g2498",975.424772573323,-2.53960496815355,0.342407919719506,-7.4168990315234,1.19894275756173e-13,1.68220891522507e-11
"g66",98.3975350736912,5.28556784234613,0.721946882333235,7.32126971067995,2.45635574780315e-13,3.20028063142353e-11
"g2517",1153.95671779227,-3.54043694599815,0.485313867871585,-7.29514893428713,2.98328884918286e-13,3.62767924060636e-11
"g1463",755.266017747929,2.11347638833251,0.291143890274909,7.25921600599925,3.89340307361027e-13,4.43847950391571e-11
"g1078",1440.3759715762,3.86982711136136,0.537397212483367,7.20105542319154,5.97482533229463e-13,6.3564424933018e-11
"g1101",62.5057670136644,6.63301142327471,0.921966450093284,7.19441734848767,6.27280509207414e-13,6.3564424933018e-11
"g1855",148.730013285742,3.64324616026894,0.511703370537674,7.11984006757819,1.08052370279632e-12,1.03730275468447e-10
"g245",2374.12626256635,2.29259170880259,0.323975858552154,7.07642760497083,1.47917970515999e-12,1.34901189110591e-10
"g1407",1230.89013113117,-2.10119142515822,0.298891120568705,-7.02995599588321,2.06598684365464e-12,1.79445714420288e-10
"g338",299.123014091527,-6.44244628251636,0.920319177787586,-7.00023039615862,2.55541927125019e-12,2.11700980392583e-10
"g2093",587.796987634812,-6.69657961133582,0.957459824777851,-6.99411028853305,2.66947508170472e-12,2.11700980392583e-10
"g2496",83.9089388841335,-9.76541721715099,1.40215188514798,-6.96459300920909,3.2935449063446e-12,2.5030941288219e-10
"g1508",279.203780015238,3.3641127252671,0.484285764635242,6.94654472819556,3.74341283014546e-12,2.73119400087413e-10
"g774",128.909027571692,5.52974479964104,0.799149225695425,6.91953970777988,4.53113471353378e-12,3.17876527595601e-10
"g177",315.751636947727,3.27022549862093,0.486620092311358,6.72028457166236,1.81369997682079e-11,1.22525509545227e-09
"g933",57.5840784920078,4.76039462915736,0.711871449351935,6.68715486973256,2.27551036826046e-11,1.48233246846681e-09
"g1553",457.10695766627,-3.05113326541625,0.458353098185654,-6.65673097333445,2.79984991592366e-11,1.76100905056716e-09
"g1031",360.072873574374,2.92902091509674,0.450956306896725,6.4951323893282,8.29604241482576e-11,5.04399378821406e-09
"g2166",1102.48601678642,1.87700558653755,0.290576977868688,6.4595812108204,1.04993130362361e-10,6.17766031551439e-09
"g456",10773.4785623474,3.10817865154995,0.485010982444817,6.40847066159701,1.46986556287811e-10,8.37823370840525e-09
"g201",13908.5130433218,3.64972293817236,0.572927464490047,6.37030543023612,1.88652131049204e-10,1.04273177889014e-08
"g60",187.258876366461,2.83452175003668,0.445329673645974,6.36499635613785,1.95294372209845e-10,1.04769686738458e-08
"g1242",681.570364579258,-4.90100300184836,0.777910873417031,-6.30021146294091,2.9723984525415e-10,1.54904422212448e-08
"g1522",38.2192994190831,6.33516270887466,1.01118663802839,6.26507755405766,3.72639900489508e-10,1.88804216248017e-08
"g1475",413.775993516076,1.99785735065659,0.319409576993466,6.25484485926187,3.97911264405819e-10,1.96159498993571e-08
"g1130",45.1406225903743,9.03524006342805,1.46656786028716,6.16080599342938,7.23756169236558e-10,3.47402961233548e-08
"g1852",243.677572233885,-2.37849831228116,0.38655850102096,-6.15300997390868,7.60260221423587e-10,3.55567857404262e-08
"g592",9203.30635062976,2.56167008139369,0.425193152386281,6.02472092275478,1.69401668392278e-09,7.62646894566835e-08
"g1795",973.579214524975,2.20015563359209,0.365304625101103,6.02279709155932,1.71428304151536e-09,7.62646894566835e-08
"g1173",122.137678314679,-4.39413668449,0.731091255115431,-6.01038058346932,1.85088302804815e-09,8.03812057895198e-08
"g1182",584.751079841683,-3.39267736085982,0.565042002577988,-6.00429232761606,1.92168201386414e-09,8.15150696113533e-08
"g280",818.215154276823,4.19860156422138,0.703929599233143,5.96451913486137,2.45355517177696e-09,1.01711014393663e-07
"g2066",238.431391744587,-3.78066703914766,0.638428567085901,-5.92183250258437,3.18373808215679e-09,1.29047516930088e-07
"g1105",42.6334800802549,6.48342261666028,1.10370279986343,5.87424677862782,4.24770213031558e-09,1.68430623602079e-07
"g132",207.361883710561,3.37982065033769,0.577413897561566,5.85337600049247,4.81693425708204e-09,1.8693804435995e-07
"g1854",37806.2538178199,2.33553712952862,0.400506192813673,5.8314632118939,5.49434262004344e-09,2.08785019561651e-07
"g1954",4770.65329580765,-2.70234802540241,0.465336361866872,-5.80730036776177,6.34881802296566e-09,2.36331511712028e-07
"g1882",783.330692056144,-2.18637619307213,0.377481577850891,-5.79200766702255,6.95499668100602e-09,2.53718278923099e-07
"g708",10123.6125460285,1.92733451983081,0.334280309346754,5.76562383706411,8.13563372297857e-09,2.90968547268881e-07
"g1",1759.81852171345,-1.54077940597956,0.267499117657373,-5.75994201204457,8.41428379700598e-09,2.91756224357599e-07
"g1363",441.395812142554,-1.94409545547745,0.337594103274254,-5.75867717066762,8.47756572968902e-09,2.91756224357599e-07
"g1900",59.4470143800629,-5.23047819959194,0.909585535461279,-5.75039729159655,8.90339786054014e-09,3.00736994400467e-07
"g1793",61.3120499442833,3.79377103277264,0.662131312314012,5.72963543970484,1.00646702003017e-08,3.33781062642732e-07
"g1489",272.557316438083,-3.94053612042601,0.692132291453307,-5.69332795057409,1.24586753796388e-08,4.0338394422511e-07
"g2361",31.0123430188657,6.01692812080966,1.05721046823873,5.69132476604551,1.26057482570347e-08,4.0338394422511e-07
"g2090",118.762990131107,4.98747631193754,0.877728163190281,5.6822562167876,1.32929315957509e-08,4.18039779838788e-07
"g1958",1109.49553405573,2.77681359352315,0.489135349440125,5.67698408365202,1.37090222727604e-08,4.23817908907033e-07
"g430",842.778811307388,-3.40081823892622,0.602779195852874,-5.64189716951725,1.68186543065923e-08,5.04060020971172e-07
"g626",1676.06055457908,1.99070122435676,0.352867213081857,5.64150238547373,1.68572704381806e-08,5.04060020971172e-07
"g1103",140.303676400937,4.27807748405452,0.761835065704832,5.61549038189329,1.96005560042222e-08,5.76635712124214e-07
"g4",1221.66503376745,-1.75718007886685,0.314634486165915,-5.58482987761309,2.33929091209949e-08,6.66697909948356e-07
"g1404",1371.18961913946,1.98641424165015,0.355655654668171,5.58521765527244,2.33407704827397e-08,6.66697909948356e-07
"g1079",8377.30803461595,3.47201241878138,0.6252672682704,5.55284531107087,2.81056775000118e-08,7.88688550154177e-07
"g834",64.8090133893779,3.56556267135776,0.644548230334715,5.53187876957812,3.1681884963946e-08,8.75572093549053e-07
"g415",1187.32221383674,-1.74211617236732,0.315956582160246,-5.51378344599184,3.51200691704826e-08,9.56104569656124e-07
"g1734",1161.03953730187,-2.49145091739426,0.455376445395034,-5.47118969939905,4.47024487371208e-08,1.19907744847806e-06
"g295",1912.95770547145,-3.12763015220375,0.572089154072485,-5.46703276917477,4.57631476576807e-08,1.20973885982043e-06
"g515",2112.04575863201,-2.31494633674195,0.424019196567692,-5.459531916198,4.77391516054203e-08,1.24394589326124e-06
"g529",1941.00290921654,1.77828327451994,0.326828822129049,5.44102341689371,5.29753493873443e-08,1.36069689379868e-06
"g2477",78.0294534810682,-3.10575743862133,0.571062038644203,-5.43856398859031,5.37117194920531e-08,1.36069689379868e-06
"g1476",180.43463580992,2.17640398558217,0.401619479161818,5.41906978746234,5.99099300655957e-08,1.49692756766639e-06
"g386",5240.99001008682,-2.08719619452734,0.386284552794526,-5.40326083305114,6.54401920592069e-08,1.59150547087991e-06
"g1063",299.190800713198,3.50401714217007,0.648438035415291,5.40378101035656,6.52506008785876e-08,1.59150547087991e-06
"g339",28.3524799438969,-8.20066087100114,1.52555509728961,-5.37552585650359,7.63594924137935e-08,1.83262781793104e-06
"g73",1493.10133920634,-2.19338008681087,0.408403442617795,-5.37062095449461,7.84659830285807e-08,1.85872666291079e-06
"g763",2032.42298993243,-2.96740098900071,0.553398985994828,-5.36213665745394,8.22432808113002e-08,1.92322748974117e-06
"g340",296.926088544957,-2.67412075413401,0.500177718581983,-5.34634121990723,8.97499409139181e-08,2.07220116743021e-06
"g2484",1207.16287214996,2.26804960796814,0.425738147006943,5.32733471011032,9.96644041947768e-08,2.27234841564091e-06
"g414",7830.46162233871,-1.53344183168537,0.287995111824802,-5.32454117699824,1.01208174627845e-07,2.27905815458258e-06
"g2006",30.7572631055646,5.00799309982736,0.944425268885183,5.30268859254357,1.14109481977738e-07,2.53824018448041e-06
"g2511",711.342517712715,-2.23058340983526,0.421116289651617,-5.29683478091192,1.17827214414176e-07,2.58935950712599e-06
"g2106",41.2872440570833,3.94528691321851,0.746050232355653,5.2882322692418,1.23504090798479e-07,2.68180311448125e-06
"g1146",1595.2003147059,-1.75952392433551,0.334566131730905,-5.25912146346813,1.4474526115716e-07,3.10606301589011e-06
"g2454",1041.84894882812,-2.06836699003584,0.395736659289977,-5.22662467952012,1.72632424368665e-07,3.66141327963309e-06
"g1890",120.159661681537,1.89315138909945,0.362803335772686,5.21812012854699,1.80748226546342e-07,3.78948006000607e-06
"g1215",846.122375522378,2.48223789942801,0.477819428665895,5.19492877541332,2.0479823294193e-07,4.24490882825092e-06
"g1094",83.565187971337,-2.20787082293088,0.426839466910756,-5.17260233433968,2.30855989570177e-07,4.731250842427e-06
"g2",233.765758093226,-1.68478475419263,0.326044654639645,-5.16734358382506,2.37444531745622e-07,4.80775378851261e-06
"g182",165.152487712724,-3.75874604934232,0.727720434343203,-5.16509619897474,2.40315294837248e-07,4.80775378851261e-06
"g2485",120.874480729625,2.87813479560101,0.557410124818817,5.16340602269564,2.4249635336796e-07,4.80775378851261e-06
"g625",819.01215338249,-2.05258798412665,0.397695285474049,-5.16120773642056,2.45361719971875e-07,4.8122556691258e-06
"g2399",69.6903146024281,-6.00306091508924,1.17817979756463,-5.09519932993073,3.48374513013015e-07,6.75994799718871e-06
"g1008",23.8345766548292,4.37952245169114,0.862043110982765,5.08039841151135,3.76644109664178e-07,7.23156690555222e-06
"g1061",449.773677609226,1.8661175739901,0.369523939163752,5.0500586733655,4.41674383484754e-07,8.39181328621032e-06
"g246",279.010081303226,2.10827932836549,0.420732512136904,5.01097316596123,5.41554666759234e-07,1.01834609501943e-05
"g632",1107.11112125034,-1.34724945218613,0.269192139989699,-5.00478748093344,5.59236940999211e-07,1.03035169735612e-05
"g1571",17.9127160329366,-7.53718402260306,1.50593854803604,-5.00497449410046,5.58694281843488e-07,1.03035169735612e-05
"g1542",1995.35786687049,-1.65121825466158,0.330702365452359,-4.99306454129206,5.94286867253258e-07,1.08397924586994e-05
"g1539",248.700017911941,-4.43844444387736,0.890280790858963,-4.9854433448969,6.18198927335023e-07,1.11026214013916e-05
"g1990",37.1177715507369,-6.80121548673953,1.36444294730458,-4.9846096534671,6.20870275735715e-07,1.11026214013916e-05
"g1717",3345.00424800552,-2.04428310751305,0.410448587107856,-4.98060700346828,6.33851433126967e-07,1.12247088740154e-05
"g1689",2989.0767596924,-2.32297367261671,0.467113641235537,-4.97303753851491,6.59118917735223e-07,1.15599317879716e-05
"g598",2174.82228093261,-4.05237402043725,0.819759263326508,-4.94337081839501,7.67832355978814e-07,1.33383449267177e-05
"g2452",553.535659201194,-2.58736235314217,0.523921055337169,-4.93845843144646,7.87425584926123e-07,1.35496628953325e-05
"g306",544.35168665948,-3.51583160481128,0.713939972251045,-4.92454791924019,8.45556071834375e-07,1.44139651871579e-05
"g65",1674.04112042691,1.93924324710404,0.394581919813958,4.91467842221048,8.89283055710192e-07,1.5019002718661e-05
"g2149",348.729341184819,-3.62293445818017,0.738660793620466,-4.90473366052467,9.355419454736e-07,1.56553074178334e-05
"g1660",633.565116156803,-1.82151581468452,0.373578461033768,-4.87585876777804,1.08336101674988e-06,1.79640954050162e-05
"g239",992.362039178099,-2.22304155862218,0.45754873026879,-4.85858972292686,1.18224831321928e-06,1.9427215525333e-05
"g7",1018.21138681458,-1.49694663494593,0.308327581179734,-4.85505263336566,1.20354772025189e-06,1.96006343012451e-05
"g1848",1948.83361627597,-1.97140501957815,0.408816162492694,-4.82222867011374,1.41963064577794e-06,2.29150999814067e-05
"g1511",3149.96382384494,1.950406186215,0.405396824930229,4.81110375383595,1.5009906894492e-06,2.40158510311872e-05
"g1435",34.2908494819993,-8.47432835642947,1.77823512047638,-4.76558372897237,1.88307677413415e-06,2.98672350958321e-05
"g341",956.494604633348,-2.8559479049353,0.600776639154892,-4.75375991475425,1.99668126829503e-06,3.11277490031635e-05
"g752",736.529172954581,-2.07570521014421,0.43660925518861,-4.75414844160263,1.99284582057682e-06,3.11277490031635e-05
"g149",224.030071991797,-2.80926423774291,0.594906515914631,-4.72219443322762,2.33313470580771e-06,3.60647262999429e-05
"g2421",100.02060783741,-4.07735807533777,0.866212852435183,-4.70710872492263,2.51254916740662e-06,3.85116779945351e-05
"g418",3614.0198351082,2.3767266658173,0.50647820331319,4.69265340595044,2.69684167938912e-06,4.09919935267146e-05
"g1200",1339.28918864061,-1.70558325101448,0.363663829684037,-4.68999969696284,2.73205453537953e-06,4.11840286986138e-05
"g1059",2018.14128019626,1.19233807599377,0.254352567570453,4.68773752662632,2.76241993922559e-06,4.13004423700613e-05
"g1077",25543.7247174649,3.03878929086155,0.649485179365471,4.67876617882238,2.88606330841683e-06,4.27982071101812e-05
"g1675",830.084872548921,-1.74213107808052,0.377221347205885,-4.61832579461541,3.86848549938392e-06,5.69041737973892e-05
"g1269",461.067093680213,-1.83045676798063,0.400308003633001,-4.57262096028133,4.81660995892609e-06,7.02839725206495e-05
"g2325",788.534355816967,-2.64390336238428,0.580199477939185,-4.55688683446456,5.19173773930193e-06,7.51565844165613e-05
"g107",431.812335750793,-1.83414519769318,0.403294158128373,-4.54790916438059,5.41815103332764e-06,7.78165943684222e-05
"g2425",367.408803805047,-2.10473589742539,0.464316595465367,-4.53297581430597,5.81584764593517e-06,8.28758289545761e-05
"g1995",179.33696661843,-2.04519304072161,0.452320800934987,-4.52155425196898,6.13872218876175e-06,8.67986765294685e-05
"g1192",264.741996856135,1.55140259929917,0.343326729358943,4.5187352647897,6.22101213869381e-06,8.7285585699827e-05
"g1980",7687.47829320635,-2.77863255469738,0.617877397598737,-4.49706133530051,6.88991171366552e-06,9.59328165322589e-05
"g2017",169.196456615716,1.73122828660164,0.385127825317265,4.4952043783787,6.95031573718746e-06,9.60407265502267e-05
"g190",259.364154212226,-4.19459060159773,0.93520898621057,-4.48519065090899,7.28487676321496e-06,9.99068813240908e-05
"g1891",2911.93095688531,1.51677604452098,0.338557309567898,4.48011607386901,7.46024575676299e-06,0.000101548419853251
"g355",3256.84748286546,-2.30629839587925,0.516585539102243,-4.46450436821613,8.02543114559031e-06,0.000108000588724932
"g2064",6682.52721367152,-2.65897461489125,0.595869979720731,-4.46234028459941,8.10693501250208e-06,0.000108000588724932
"g2124",3096.21725322375,-2.31806443843867,0.519488034850566,-4.46220948882005,8.11188632418621e-06,0.000108000588724932
"g578",560.287027747155,-2.48791681805508,0.557758601775118,-4.460561988891,8.17450095263769e-06,0.000108045577808776
"g2420",1013.55608486227,1.48716535023872,0.333921545294334,4.45363700305071,8.44277927294237e-06,0.000110788700675157
"g1836",568.562883904769,-2.12877130077679,0.478260739177186,-4.45106847875323,8.54440873211703e-06,0.000111321439481296
"g178",17.4655116486042,5.79598435451084,1.3067905189588,4.43528191429554,9.19518774319188e-06,0.000118950513784269
"g868",24.6565039962096,4.70732986178219,1.06870181919717,4.40471773999452,1.05921703159596e-05,0.000136057173635989
"g690",594.200837917267,1.66034386125847,0.37803302073907,4.39206040258712,1.12281493096236e-05,0.000143217792592681
"g143",22.0437068700173,3.85826379852242,0.878905448013884,4.38985081642305,1.13428450152829e-05,0.000143648880429981
"g903",43.1770012338547,3.30969226420336,0.754450448987445,4.38689150314024,1.1498210823891e-05,0.000143648880429981
"g2332",3609.46455456046,2.02728816245868,0.462007001796279,4.388003113755,1.14396138432329e-05,0.000143648880429981
"g2005",1800.85616610757,1.26651595853933,0.28880630543354,4.38534732348764,1.15800856904022e-05,0.000143687593872745
"g183",344.908398808294,-2.05796161690182,0.472451176590525,-4.35592441901243,1.32506496396618e-05,0.000163305303667183
"g1782",629.172469024458,-1.90442104631522,0.437542363331606,-4.35254093298364,1.34568736941721e-05,0.000164733809517919
"g2501",11760.9615752611,1.46454884041352,0.337192343730728,4.34336326919413,1.40317822462533e-05,0.00017062647211444
"g1177",1064.54959537767,-1.61258191023866,0.372488055374202,-4.32921777483216,1.49639903152318e-05,0.000180757075066112
"g521",60.6193318041238,-2.51003969213216,0.580305581395509,-4.32537575478088,1.52272075674494e-05,0.000182726490809392
"g2451",143.105223552065,-2.20426023053374,0.510858855781224,-4.31481260545616,1.59738347136555e-05,0.000190433166782402
"g72",584.679599165594,-2.06448564306644,0.480283985944031,-4.29846862166047,1.71982242706533e-05,0.000203698448504361
"g1196",1306.58071965926,2.5510764436088,0.595596825622768,4.28322706545882,1.8420201833564e-05,0.000216764181576908
"g363",1739.92126818616,-1.31691935284036,0.30775421185803,-4.27912698542649,1.87627798698488e-05,0.00021798286931595
"g589",562.470749369133,-2.14197837484774,0.500561838315343,-4.27914837067212,1.87609774042217e-05,0.00021798286931595
"g387",4572.60711269967,-1.90298334144678,0.446013114660619,-4.26665333124745,1.98427133056331e-05,0.000229070310566296
"g1419",3698.22088586678,-1.22122123685152,0.286596854746643,-4.26111179039667,2.0341244685563e-05,0.000231890189415419
"g1617",3595.08826275422,1.70531701550816,0.40015455448168,4.26164589758839,2.0292680523311e-05,0.000231890189415419
"g999",2221.72993407413,1.35562167203355,0.319930023645564,4.2372443091974,2.26279877666687e-05,0.000254597761353137
"g1541",1124.97269991197,1.27631777039274,0.301301329587452,4.23601771734729,2.27518832788165e-05,0.000254597761353137
"g2322",20.7646337242673,4.71259047940137,1.1118975805928,4.23833144495996,2.25187154055142e-05,0.000254597761353137
"g1032",574.255190714967,2.26942315467031,0.536074105080187,4.23341312919945,2.30171116400978e-05,0.000255995192875234
"g393",272.705920021311,1.88803392092204,0.446177835325731,4.23157264085897,2.32063021545856e-05,0.000256535121999783
"g2352",6032.96830606094,-1.46524945348555,0.346466463449446,-4.22912347387801,2.34603567137707e-05,0.000257781268951311
"g168",86.2736294137462,-2.28975779921447,0.544082491177346,-4.20847543588406,2.57099471976807e-05,0.000280808046039339
"g1979",3244.38657189095,1.21952703518321,0.289892000381947,4.20683231540167,2.58975154296302e-05,0.000281173024664557
"g1772",7126.58087835127,1.59426523944236,0.380087416925034,4.19446992573501,2.73510435289487e-05,0.000295197061519541
"g1007",23.1749969636932,3.82684198687718,0.914055459763392,4.18666279600559,2.83085911312329e-05,0.000303734530725699
"g2371",596.826703149284,-1.26434481580347,0.303122298455966,-4.17107161777191,3.03170553386761e-05,0.000323381923612545
"g15",701.551170902416,1.22283738821856,0.293323977608642,4.16889678841764,3.06077543806044e-05,0.000324584558082688
"g1885",1225.4668266805,1.58201603332759,0.380047027703861,4.16268492582534,3.1452723052084e-05,0.000331617149404631
"g588",714.681089931986,-1.26252470197901,0.304018732854163,-4.15278588304835,3.28452034835967e-05,0.000342419526798962
"g2383",5980.02109725338,1.48663508721369,0.357989538648627,4.15273332518482,3.28527506523127e-05,0.000342419526798962
"g1497",156.913005374188,2.54680167505395,0.614567907841778,4.14405250023182,3.41221571999108e-05,0.000353629629162712
"g936",695.501728240832,1.67309292866467,0.404124348288265,4.1400448543903,3.47237918646737e-05,0.000357831617859688
"g595",2121.91172006873,-2.93345896783695,0.708827167668069,-4.1384685881716,3.49631729235563e-05,0.000358274311306555
"g586",694.5177659292,1.7721172038913,0.428684847677065,4.13384614243762,3.567423420408e-05,0.000363518453565597
"g1544",2914.41403598952,-2.98639328940131,0.724106714159015,-4.12424471560071,3.71953272881325e-05,0.000376912649853076
"g882",719.346966164742,-1.64809490630793,0.400585729567556,-4.11421272566823,3.88503044990174e-05,0.000389356897836307
"g2087",1422.94705270727,1.28580547074091,0.312494853463089,4.11464527012693,3.8777528502919e-05,0.000389356897836307
"g1955",13227.200327292,-1.69730032776171,0.413877021028806,-4.1009774438373,4.11408665218679e-05,0.00041005978434911
"g738",6161.8736352635,-1.64911071466056,0.40233900655898,-4.09880893419866,4.15281668180767e-05,0.000411670523240064
"g535",2318.92419802278,-1.14747354649242,0.280352305532754,-4.09296989483241,4.25883032203859e-05,0.000419398335679636
"g1121",48.2651437419162,4.26556811610157,1.04241745634602,4.09199605218972,4.27675934410155e-05,0.000419398335679636
"g291",175.799737238424,-2.23092769435905,0.547453377693204,-4.07510079444476,4.59944209794418e-05,0.000448630074152417
"g1122",4437.37636594608,1.20905864613252,0.297468192977433,4.06449722920206,4.81361107412649e-05,0.000467022691447166
"g642",88.8838530073649,-3.26346508369942,0.810827524459824,-4.02485730349812,5.70098741567178e-05,0.000550190531544197
"g2105",32.6807469276743,3.26428837701478,0.812695320780398,4.01662012017028,5.90387773841489e-05,0.000566772262887829
"g8",89.2673027535424,-1.6735615487157,0.417267908341792,-4.01076026998189,6.05235402770701e-05,0.000574973632632166
"g739",313.203541198761,-2.68127088033226,0.668473996164196,-4.01103243464637,6.0453803594913e-05,0.000574973632632166
"g1538",216.45667828451,-3.48637183162259,0.87261559928397,-3.99531229384777,6.4609029878796e-05,0.000610605546626549
"g1635",81.4668651743405,2.19381908841479,0.550938372983825,3.98196821276632,6.83469222915392e-05,0.000642601991029729
"g237",6545.22353533181,-2.73560809911054,0.687478571210415,-3.97919035395397,6.91503592169437e-05,0.000643521710263802
"g798",479.131121640953,1.12064602879971,0.281621474015674,3.97926341631654,6.91291135283264e-05,0.000643521710263802
"g470",558.695682220938,-1.72120219925326,0.432700881992192,-3.97781070223082,6.95527075639092e-05,0.000643980398967362
"g1074",764.910792602966,-2.22516737214303,0.559731099609359,-3.97542207980938,7.02545441357783e-05,0.000647193376281109
"g899",954.102317958371,-1.41537228330713,0.356603889718768,-3.9690320944714,7.21651626658431e-05,0.000661453551268833
"g14",58.8340216961204,2.13880752550872,0.540004382610209,3.96072253186243,7.47233199679693e-05,0.00068147667810788
"g1247",4369.07889237716,-1.77179709199015,0.447683347778274,-3.95770157809774,7.56744181853525e-05,0.000686717108308871
"g1737",44.6674506144584,2.32300918088337,0.587357803422936,3.95501543921883,7.65297094638205e-05,0.000691040544861429
"g953",980.755398822725,-1.23727129973547,0.313186424594707,-3.95059045530666,7.79586266296096e-05,0.000700475541735999
"g88",1512.08138479759,1.070075105876,0.271152124669049,3.94640133165861,7.93345929233228e-05,0.000701115070042498
"g476",6735.59858235356,-1.2893719755944,0.326970010786832,-3.94339521380452,8.03361017757029e-05,0.000701115070042498
"g714",511.266062751604,1.2121644730006,0.307347188939294,3.94395822256901,8.01476266035946e-05,0.000701115070042498
"g1485",1060.4507906705,1.48350581973108,0.375739249042276,3.94823224752909,7.87304065952082e-05,0.000701115070042498
"g1624",8076.91649563584,1.24767672620987,0.31638365411682,3.94355621719061,8.02821608769783e-05,0.000701115070042498
"g1759",576.03497911282,-1.40014978484292,0.354910300179629,-3.94508072640966,7.97730992691304e-05,0.000701115070042498
"g896",1106.76943775535,1.70826140928156,0.433689123911961,3.93890765318878,8.18534254935977e-05,0.000709153941218637
"g2265",37.3740213908113,-2.56674479410701,0.651726619036367,-3.93837648967317,8.20348035071998e-05,0.000709153941218637
"g1453",256.707595028531,3.48137031725799,0.890347144903721,3.91012689509377,9.22476471611805e-05,0.000793677869915063
"g160",3148.43115380588,2.05956605562699,0.529574223224466,3.88909800610523,0.000100617482442327,0.000857599476517774
"g531",342.340000353438,-1.62468254504608,0.417747599818517,-3.8891487246172,0.000100596459493886,0.000857599476517774
"g2177",289.494997843497,-2.07490751017356,0.533946183061985,-3.88598622107331,0.000101915287350049,0.000864620856402272
"g1386",96.5961933186846,2.29742795338867,0.591715161947679,3.88265858496256,0.000103320589504508,0.000872484978038066
"g200",671.735561119723,-2.13495403054262,0.550411354895652,-3.87883355158502,0.000104958538207152,0.000878185200412132
"g2524",184.853656827422,-2.01307051073216,0.518869707267734,-3.87972256336296,0.000104575675771304,0.000878185200412132
"g641",9.70333569342435,-6.6540370850005,1.71635934399464,-3.87683214956254,0.000105825309964015,0.000879149730174899
"g919",19.183255512105,-4.21980623555783,1.08860471968194,-3.87634387327545,0.000106037796402674,0.000879149730174899
"g1763",20.6222147879793,4.92338170559054,1.27305709224755,3.8673691349525,0.000110015832541422,0.000908003975364495
"g1880",568.27445714767,-1.46968218574359,0.380611248547314,-3.86137349159531,0.000112751389539771,0.00092638979513758
"g2175",66.3216313705153,1.98971530975332,0.51586712259725,3.85703066273277,0.000114772769558118,0.000938769200331868
"g1935",11.9664095025244,7.11734033915873,1.85017076076543,3.84685591735016,0.000119643280103578,0.000969908190706342
"g2176",855.249081864077,-1.42245687486424,0.369735627337512,-3.8472269635129,0.000119462292857335,0.000969908190706342
"g381",16.3921668766673,5.10634815169098,1.33106320039454,3.83629278472835,0.000124905489751139,0.00100808678454017
"g568",130.249844668688,1.95935163354821,0.511820767267821,3.8281987735815,0.000129084489204774,0.00103722514673792
"g224",46.1515212700401,3.29535363377565,0.861827603417184,3.8236807694595,0.000131474118597727,0.00105179294878182
"g799",684.352229274351,1.08705210347171,0.28540060759643,3.80886401268232,0.000139606707161316,0.00111197656708402
"g24",180.795638839094,3.09140256756023,0.81225752969135,3.80593894738646,0.00014126723001768,0.001120310554575
"g686",439.030306508241,-1.37623140850067,0.361819367606161,-3.80364218092022,0.000142584094500917,0.00112585882411113
"g2333",369.891687507363,1.67249955537767,0.440566698210418,3.79624597631044,0.00014690374301736,0.00115496735889511
"g21",28.5373957674208,4.9460827916705,1.30368067314637,3.79393734489701,0.000148277104585459,0.00116076153975913
"g2071",1084.83313373143,1.35989782453297,0.359573472957166,3.78197483076003,0.000155589096975778,0.00121279706360606
"g1832",80.215974004634,2.40980008091774,0.640819555798639,3.76049709955319,0.000169576041123709,0.00131619871918998
"g2103",59.7033189091828,2.16654777865016,0.578805287185832,3.74313750515994,0.000181736710445869,0.00140460915192061
"g1670",36.8753538748106,-3.46604826324678,0.927260523719929,-3.73794437979727,0.000185530976366913,0.00142788397001371
"g353",502.749590788446,-1.91096847206438,0.511998207929386,-3.73237336082226,0.000189684066878025,0.0014537131848131
"g794",776.158120389545,2.5143566062813,0.674511627427346,3.72766977475437,0.000193258371309902,0.00147129017013986
"g1175",568.594128602852,-1.710410524682,0.458895092988842,-3.72723646605562,0.000193590811860508,0.00147129017013986
"g1868",317.073931946295,-1.4231369573106,0.38196033366417,-3.72587630673152,0.000194637839690479,0.00147310962487732
"g2063",5272.33774014258,-2.22355351943476,0.597002344893455,-3.7245306294929,0.000195678954288359,0.00147486947364449
"g1673",37.9981940506893,2.92014867091913,0.784441161492356,3.72258470649819,0.000197193721110856,0.00148017015352347
"g764",128.860778844279,-2.64591204521676,0.712005365753646,-3.71614059736208,0.000202289045154046,0.00151219351787287
"g1515",422.239150797256,-1.75212137936971,0.472355377011292,-3.70932874831618,0.000207809459225521,0.00154712021888714
"g212",1876.20741624569,1.49068805679477,0.402466280567547,3.70388310467311,0.000212324128244265,0.00157430573137211
"g1250",2531.2938482226,-1.03054122264248,0.279347552107099,-3.68910060198909,0.000225048223360881,0.00166189457251112
"g1835",129.022484363818,-2.97332157540049,0.811087863440963,-3.66584399720451,0.000246524180850851,0.00181314558819336
"g1382",392.543661157044,-1.39542134866185,0.381062569036823,-3.66192185233237,0.000250330229351283,0.00183374433066964
"g1787",940.570871564634,1.14375223349291,0.312756628561697,3.65700397383354,0.000255180425978018,0.00186179638793562
"g2016",247.454403614726,-2.83830197278127,0.779153961416308,-3.64279990006332,0.000269688484280483,0.00195980794951235
"g1585",47.4505759331584,-4.45236801639357,1.22326998327308,-3.63972637052733,0.000272927912142665,0.0019754782212231
"g282",4059.98117336771,1.04343496052983,0.286949465422926,3.63630215861159,0.000276579884366123,0.00199252194056408
"g411",584.647260404523,-1.066277731779,0.293298114217117,-3.63547421579967,0.000277469746820104,0.00199252194056408
"g1861",8.90129272168348,5.71321316596687,1.57195507514899,3.63446338657318,0.000278559810769649,0.00199252194056408
"g1030",515.675793261716,1.06435053502364,0.293776240743416,3.62299732725237,0.000291208832584858,0.00207486293216711
"g419",150.199018869713,-1.48970030833378,0.411732158917428,-3.61812959242889,0.000296739810829691,0.00208314216133247
"g941",3881.39279916107,1.31991087865891,0.364922530897462,3.61696186698262,0.000298081197427508,0.00208314216133247
"g1016",1277.61487864307,1.05164832072121,0.29050213133436,3.62010535306809,0.000294483087941891,0.00208314216133247
"g1238",694.234980312349,1.16145504274813,0.321110115443094,3.61699923761498,0.000298038181307296,0.00208314216133247
"g1739",1597.46693886801,-1.79503222625784,0.496150005638382,-3.61792241430739,0.000296977386641709,0.00208314216133247
"g1991",21.7227640508512,-4.42942834643487,1.22560619416102,-3.61407144279898,0.000301425944427571,0.00209847680395378
"g1496",973.780134208436,1.11520032542051,0.308935230042859,3.60981920147404,0.000306410502317024,0.00211701801600853
"g2266",291.38601491921,-2.12198408792214,0.587821749713911,-3.60991080876966,0.000306302309804042,0.00211701801600853
"g404",195.993566523503,-2.83691439873457,0.786569974016831,-3.60669043117308,0.000310127281459718,0.00213208444122634
"g2046",1018.86595138316,1.55382594616891,0.430897741381368,3.60602016893305,0.000310928981012174,0.00213208444122634
"g1732",782.864562326793,-2.3562715105231,0.653655283103182,-3.60476167091753,0.000312439512902663,0.00213441824544741
"g1941",10936.6950473354,-1.90340004566084,0.528347267848647,-3.60255491319414,0.000315104806342492,0.00214459390585338
"g446",25.081838567108,-2.84460421508946,0.791506152315478,-3.59391295540513,0.000325748701825426,0.00219517774589933
"g2258",1628.14682530196,-2.55762448708275,0.711412268736707,-3.59513688402431,0.000324221059113877,0.00219517774589933
"g2291",765.205692254569,-1.53677666273051,0.427643341699274,-3.59359427092683,0.000326147570799736,0.00219517774589933
"g174",17.4767264932921,3.67031380268201,1.02195275399853,3.59147112067695,0.000328816617933748,0.00220500555555572
"g1355",180.593107521852,1.71233196547662,0.477393109249111,3.58683846143053,0.000334711529597926,0.00223631439555538
"g760",145.976165256092,-2.01830359826205,0.56316556726907,-3.58385475882218,0.000338560394143604,0.0022537743026202
"g772",893.798750598126,-2.38676316173835,0.667215406273211,-3.57720031536715,0.000347294030628656,0.00230350658860607
"g346",146.017134660276,-1.88457623696467,0.527819378551792,-3.57049459255453,0.000356307810326309,0.00234649521455291
"g1978",892.632390804023,-1.24842696462178,0.349653898421514,-3.57046488043665,0.000356348231596029,0.00234649521455291
"g504",527.702739327297,-1.9206090113384,0.539486642397287,-3.56006777629172,0.000370759090283297,0.00243260640531199
"g1183",369.515363616128,-2.17969019133946,0.613892590805743,-3.55060514491401,0.000384346575759647,0.00251271739851468
"g761",3706.2434500726,-1.81156414622992,0.510726409660246,-3.54703440426166,0.000389593710844123,0.00253792474492743
"g1098",851.644259920602,-1.37904160773919,0.38959086830148,-3.53971748298792,0.000400555580026597,0.00260004760842887
"g1400",136.263600801556,-2.22808856724633,0.631219867751778,-3.52981374807187,0.000415852306872919,0.00268976811253973
"g2270",437.215408314072,-1.48406540044382,0.421918649049572,-3.51742072503046,0.000435762492106561,0.00280858934841826
"g2122",1221.41489729628,-1.38547944332761,0.394156973471857,-3.5150448592191,0.000439679711243014,0.00282385842713823
"g2248",94.1422399532394,-1.69182723073733,0.481572863714963,-3.51312824748094,0.000442863660778743,0.00283432742898396
"g1188",638.598950594982,-2.25138730445455,0.641494219456844,-3.50959874020503,0.000448783393464595,0.00286217101286511
"g812",2629.76411909736,-1.00983645862086,0.287836757986044,-3.50836517784092,0.000450869696597091,0.00286545758394806
"g548",1400.91217826118,-1.94448196604655,0.555804398628041,-3.49850049917984,0.000467882213753673,0.00296325402043993
"g1145",243.632482942052,-1.4858902975211,0.425715252283053,-3.49033841177281,0.000482409247736845,0.00304468674004154
"g1240",1721.2602049766,1.55146604373755,0.445083261153277,3.4857883437752,0.000490689079689654,0.003086265108117
"g1590",91.604611663251,-1.74015142525944,0.50088338621866,-3.4741647919218,0.000512446206760687,0.00321203395577832
"g2027",81.6481977465724,-1.97694690158655,0.571829312992815,-3.45723252842653,0.00054575371155958,0.00340909167768724
"g2528",2252.37675387631,0.889930980819138,0.257686614931304,3.45353980087939,0.000553280652624742,0.00344431368732945
"g2161",1328.8924238861,1.04624807120784,0.30305250109519,3.45236573671837,0.000555693951196012,0.00344757063599159
"g997",506.030643909501,1.93996500495496,0.562303076204421,3.45003448682842,0.00056051494383472,0.00346569239848993
"g2486",38.0874636014575,2.7854313226497,0.809618318757294,3.44042526968157,0.000580800802900759,0.00357898873138846
"g1561",340.286534641762,-1.57001243113397,0.456704726580255,-3.43769691829119,0.000586683964009002,0.00359097835688732
"g1674",18.2912542529255,-3.04591670980998,0.885864971015814,-3.43835325864308,0.000585263647031077,0.00359097835688732
"g309",19.8462848369883,-5.91859993566807,1.72242503765934,-3.43620175407521,0.000589931480696222,0.00359877933374551
"g501",2994.26802380646,1.82311901471275,0.531985361810671,3.42700973671074,0.000610267187500147,0.00368585215231877
"g1581",1488.92106971648,1.41166529984567,0.411825671396202,3.42782249358021,0.000608443153847742,0.00368585215231877
"g1651",33.4206876752255,3.79046126922778,1.10576034055864,3.42792296865414,0.00060821801487309,0.00368585215231877
"g1834",36.4887306701442,-3.76815780256563,1.10286658755488,-3.41669413606941,0.000633864514552326,0.00380520477361396
"g2113",2239.1591017983,-0.974308821571807,0.28517331777619,-3.41654972901941,0.000634200795602326,0.00380520477361396
"g2387",693.659160853627,1.37767955991754,0.403362776222681,3.41548511942256,0.000636685081032934,0.00380758553378384
"g801",510.026168667369,1.58983403019138,0.466077592369009,3.41109303734272,0.000647030095535375,0.00385680684397557
"g2001",1422.29433556741,1.21823030192373,0.35767019863701,3.40601567188459,0.000659183951152417,0.00391645448502283
"g289",64.3703006894008,-2.2205543850039,0.654018596890916,-3.39524655041922,0.000685668246083021,0.00406058078199815
"g1692",203.609852629972,-1.45891712158124,0.432091979435605,-3.37640407833274,0.000734399747064673,0.00433509753607108
"g1614",1542.18869256678,1.12461613387752,0.333443367089112,3.37273505751568,0.000744255296466561,0.00437910213146776
"g1641",61.9719999984721,1.79327918670696,0.532538536713183,3.36741674654204,0.000758759320155981,0.00445008681660614
"g918",11.43439408414,4.60432523394687,1.36879122668362,3.36378926470947,0.000768802225911826,0.00448017654972259
"g2020",11.7442189822366,3.51527565677718,1.04498028021994,3.36396363004793,0.000768316674922219,0.00448017654972259
"g1570",1742.4764512509,1.19349921970383,0.355772040380807,3.35467401661566,0.000794585591740651,0.00461568190871002
"g1464",2148.74380649088,2.02114292926835,0.603353876475593,3.34984659595555,0.000808563269155257,0.00468196635853711
"g161",15.4014607715189,5.61745172238712,1.67935824915072,3.34499903473721,0.000822828567558391,0.00474949147856489
"g210",229.841802020807,-1.81879789963745,0.54519142673373,-3.33607208487111,0.000849711282743223,0.00485853724051297
"g1087",3085.93620233642,-2.2835418119211,0.684359850568219,-3.33675596256135,0.000847623382981241,0.00485853724051297
"g2531",5947.8004591527,-1.03067437835365,0.308842097053383,-3.33722115018374,0.000846205870957013,0.00485853724051297
"g221",21794.1614434551,2.26134255379468,0.678081919141485,3.33491056162912,0.000853268382704092,0.00486362978141332
"g227",1016.89927954801,-1.06683621846503,0.320237361008956,-3.33139211210022,0.000864127886709204,0.00491018462728221
"g1884",289.821467822355,1.33172392984504,0.401053107585156,3.32056753746081,0.000898346205292961,0.00508876856662845
"g2251",1726.40519542455,-1.94935334037328,0.588197781522085,-3.3141120242394,0.00091934666265028,0.00519160468320158
"g891",2592.72949117808,0.984978103529736,0.297445241425761,3.31146028360845,0.000928104132770603,0.0052248825252271
"g826",932.247650155109,-1.5236607058703,0.461036087563594,-3.30486212895455,0.000950231312238035,0.00533299050314516
"g811",1746.31206141561,-1.11167023975127,0.336561264449634,-3.30302490861253,0.000956478914043465,0.00533522183246263
"g2295",331.534425730681,-2.05926148229883,0.623371248995766,-3.30342710802952,0.000955107961602183,0.00533522183246263
"g1230",1001.88097816637,-1.70590350705477,0.517408679322225,-3.29701370547051,0.00097718732661258,0.00543411488945532
"g495",432.769934024457,1.35009538146274,0.41008763526676,3.29221187218802,0.000994026946869896,0.00551095790605073
"g192",628.427197407707,-1.49304039860793,0.45404115549693,-3.28833714858702,0.00100781070880084,0.00557044464500826
"g25",1376.45958645249,-0.946262048109281,0.287952386246735,-3.28617540018741,0.00101557749348762,0.00558810493542484
"g1277",854.895702317998,0.962577999004671,0.292955849379549,3.28574425478553,0.00101713313517601,0.00558810493542484
"g2262",2278.85262976337,-1.52156344642443,0.464368449954102,-3.27662968182877,0.00105054056507568,0.00575431228437852
"g1616",647.978626981814,0.962837859480257,0.294128579170318,3.2735270479198,0.00106214224696694,0.00580044149241823
"g1270",797.85990458927,-1.08903615200489,0.333558342848412,-3.26490455224443,0.00109500968780051,0.00596208259865115
"g1108",191.38043691816,-2.04836839843034,0.628106943419899,-3.26117776580759,0.00110950459012572,0.00602302491782534
"g104",779.529485562033,-1.6773707384782,0.514991364800313,-3.25708517293023,0.00112562651918451,0.00609241178336069
"g835",4073.83443507307,1.22331287033517,0.376183225021116,3.25190702022,0.00114633515068568,0.00618613998476535
"g2120",2883.50894770272,1.43576818021156,0.441828263256008,3.24960691656711,0.00115564627445812,0.00621799057407555
"g1747",12.2771646908012,-6.99306389417985,2.15633916034301,-3.24302596863633,0.00118267431088874,0.00634469983253254
"g173",299.751870661341,-1.34459693324797,0.4149854071779,-3.24010654348517,0.00119485044892049,0.00639122351563337
"g1548",146.616448966441,1.53316053742275,0.473322467020902,3.23914591900208,0.00119888221103465,0.00639403845885145
"g560",162.421430835735,-1.98913581509469,0.614264812387929,-3.23823825649725,0.0012027032347394,0.00639571632701069
"g847",694.243045420213,-1.251189573614,0.388078819927053,-3.22406044691948,0.00126386718457741,0.00670143530427091
"g410",1660.69988561829,1.65588801296206,0.514769317559905,3.21675740273575,0.00129648175722733,0.00685444268168884
"g62",48.9653549028937,1.93351870092762,0.602586468531416,3.20869916916632,0.00133336922990939,0.00702909096923332
"g510",3204.98242424974,1.11167225995364,0.346847982740214,3.20507056483667,0.00135029372247144,0.00709779754982106
"g629",4192.92178561821,0.937683451346626,0.292724384808214,3.20329805103518,0.00135863290643657,0.00712111040615031
"g507",543.289916368,-1.83982630279197,0.576389802194462,-3.19198274464137,0.00141299773653454,0.00738483630784815
"g260",1000.70269332517,1.17553504374418,0.369434921829977,3.18198138367977,0.00146271220123678,0.00762282015730253
"g2068",33.0988834851224,2.07203337022346,0.653809278092999,3.16917094885388,0.00152874450724662,0.00794424496073456
"g117",825.198234493762,-1.46728653382851,0.464956787512469,-3.1557481753918,0.00160087010647392,0.00825105728203529
"g780",7814.60285419263,-2.02649991556976,0.64217951189417,-3.15565955941572,0.00160135651197395,0.00825105728203529
"g800",4140.49578194938,1.34416194779278,0.425764483586659,3.15705513167632,0.00159371211191706,0.00825105728203529
"g58",255.476831322834,-1.64246610443788,0.521045093541078,-3.15225327864716,0.00162015673471584,0.00832441094118786
"g1680",279.968147209797,1.3036366840932,0.413935345957255,3.14937271442343,0.00163621368715137,0.00838329709371937
"g1583",871.849585651216,-1.05382717000562,0.334877720260065,-3.14690140982571,0.00165010590618076,0.0084307932013269
"g1584",472.739999510509,-2.6281610765131,0.83559259181462,-3.14526612880284,0.00165935807549969,0.00845438304388671
"g57",3008.12795107007,-2.41579625174478,0.769535660304688,-3.13929084298482,0.00169357266061744,0.00859626872506895
"g2088",3485.3550102964,0.889487990178368,0.283388162518093,3.13876198029823,0.00169663198521098,0.00859626872506895
"g84",5698.53101123256,-1.76835777404852,0.563999924614695,-3.1353865432812,0.00171627801878164,0.00867172051594934
"g130",190.996593468109,-2.81585519307667,0.900301504016499,-3.12768020548044,0.00176191772835789,0.00887772910642208
"g119",394.441105683726,0.987630487961565,0.316211254173926,3.12332491309224,0.00178820223013074,0.00896066172461119
"g2286",3291.54567260359,1.77139397913598,0.567038758044619,3.12393809771393,0.0017844799442573,0.00896066172461119
"g719",1091.40737129941,0.94325877091694,0.303220109071338,3.11080546011882,0.00186577813161775,0.00932377893718019
"g634",759.185277375322,-1.34134520750032,0.431468373854902,-3.10879148688519,0.00187854242410152,0.00936191634306329
"g1474",22.4300967961563,2.58252729812086,0.832702658895973,3.10137991098151,0.00192620984647656,0.00957331542227043
"g940",4396.60922464102,1.29068323462113,0.416358919943005,3.09992934653066,0.00193566810119385,0.00959418102330865
"g368",2635.78064750219,-2.55842749788085,0.826761704876625,-3.09451621040265,0.00197134161715011,0.00971818137751839
"g1434",61.8269816074554,-2.05552517187807,0.6641617703648,-3.09491642487801,0.00196868361504294,0.00971818137751839
"g86",16519.5714649903,-0.878255374882617,0.284167726075849,-3.09062322808677,0.00199736905090382,0.00981994918827109
"g1808",929.84256638922,1.01525120393414,0.329173910450782,3.08423958187883,0.00204073183281044,0.0100061689866834
"g1687",1509.12074615055,-1.57319656567628,0.510851223235484,-3.07955916345353,0.00207307191270175,0.0101374883881179
"g1213",398.759254445382,-1.4664573404836,0.476418325860372,-3.07808759840482,0.00208333665021762,0.0101503131123419
"g1251",181.536610362164,-1.38362514351125,0.449580852618067,-3.07758912652511,0.0020868242418466,0.0101503131123419
"g1388",1376.40102249489,1.75582520971592,0.571313477400954,3.07331312697821,0.0021169622902772,0.0102695191953873
"g1989",5.70898461109617,-5.88958710097776,1.91814920769395,-3.07045305826776,0.00213734281111042,0.0103408840516324
"g1018",2040.62428603478,1.08833590778254,0.35455833749422,3.06955384401383,0.00214378758573661,0.0103446258105385
"g435",501.463268487933,1.29341829354047,0.421823592806421,3.06625403509384,0.00216759066648355,0.0104318875347388
"g1833",300.745693638192,1.4322915596417,0.467326323003257,3.06486386308635,0.00217769097786538,0.0104529166937538
"g1466",286.993541854157,1.0839104379646,0.354630378884157,3.05645117424829,0.00223973955125404,0.0107225326548225
"g491",35.1549708428859,-2.64898540349609,0.869370735349306,-3.04701469210573,0.00231126412494189,0.0110359836751152
"g647",601.720544866921,-1.46635343973757,0.482129976387071,-3.04140690592599,0.00235475369261463,0.0112142839042535
"g1479",104.689822842181,1.3817773066444,0.456918913384096,3.02411930469346,0.00249358082824501,0.0118445089341638
"g773",837.448728301259,1.67236009002868,0.554110033238181,3.01810108049393,0.00254364046478816,0.0120509096305808
"g1875",1629.51347512876,0.928374977149416,0.307833395490007,3.01583580843019,0.00256271990314518,0.0120785558225757
"g2339",117.568297871713,1.44726120256644,0.479865333116616,3.01597365487273,0.00256155515100524,0.0120785558225757
"g225",1106.19205772769,0.814027497211574,0.270207980796838,3.01259605586416,0.00259023447026756,0.0121767723550723
"g522",331.595389490362,-1.27811053810875,0.425304553069654,-3.00516542530271,0.00265436442198607,0.0124461714799553
"g111",1112.19769979232,-1.32208631326527,0.440126960724189,-3.00387486167604,0.00266564940471635,0.0124670372159041
"g109",2877.36037084702,-0.927682761759416,0.310076874194426,-2.99178313174602,0.00277353215351641,0.0129384210946648
"g1465",66.5326324579122,1.58911395103034,0.531774845363511,2.98832102512116,0.00280514739820138,0.0130193100618812
"g1600",233.311607846347,-1.97228204299941,0.659869522578956,-2.98889700995914,0.00279986490510021,0.0130193100618812
"g1361",388.4036803647,-1.39266365647691,0.466177762335621,-2.98740902933562,0.00281353014449296,0.0130250735623227
"g816",979.45715325912,-1.35919319188005,0.455524531851915,-2.98379801051398,0.00284694645072861,0.0131464058889341
"g890",1718.1108605866,0.841049223953787,0.282186921907431,2.98046847199278,0.00287807862883565,0.0132266418506596
"g1073",69.2636720136922,-1.79117930325132,0.601092983970806,-2.97987058744029,0.00288370183071504,0.0132266418506596
"g1711",22.5563775116551,-3.90578615174677,1.31084541019897,-2.97959326199564,0.00288631352511997,0.0132266418506596
"g1712",59.414636251348,-2.29480038361497,0.770372296790177,-2.97881997207903,0.00289360734094731,0.0132266418506596
"g2520",5.15868040588772,-5.74051476583119,1.92758758049464,-2.97808246116532,0.00290057935321482,0.0132266418506596
"g1713",962.478681898318,-1.92937954073258,0.648093173255124,-2.97700951090419,0.00291074980224776,0.0132399192999998
"g477",13.4260219155869,4.26162715779981,1.43591702975242,2.96787841462859,0.00299862919628343,0.013571959439258
"g2109",6.55057731400062,6.24240662480923,2.10284752726061,2.96854933317075,0.00299209068357393,0.013571959439258
"g1532",1810.15041404083,-0.979085221821657,0.330615546448863,-2.96140103615211,0.00306242893307163,0.0138264118166402
"g1810",43.3438257485154,1.55829191081628,0.526473444527745,2.95986801806138,0.00307770862597944,0.0138269471275529
"g2129",5.54109876750937,6.00326833028592,2.02798755873723,2.96020964449307,0.00307429760525617,0.0138269471275529
"g2104",22.037608809212,2.65531178279712,0.897666497080341,2.95801591285128,0.00309626139777527,0.0138761198760248
"g1923",11.8484425011531,-3.6350506061819,1.22956032530161,-2.95638248191703,0.00311270824681587,0.013915636868118
"g1387",1238.52191524039,1.8219705158257,0.61660500406989,2.95484224714335,0.00312828963787762,0.0139170739011922
"g2002",10448.1157841404,1.15274814175107,0.390056930099602,2.95533306242429,0.00312331672854138,0.0139170739011922
"g240",793.651648351275,-1.19837038722474,0.405930227366142,-2.95215853965915,0.00315560865848833,0.0139704616336959
"g1927",12.8372819195167,3.01794148536571,1.02208165790859,2.95274008883115,0.00314967034119959,0.0139704616336959
"g1659",376.661213522195,-1.13601454488304,0.385583264877108,-2.94622367815966,0.00321679688640179,0.014206870510404
"g329",1429.71009135282,-0.916767715804262,0.311367961289323,-2.94432256937444,0.00323662469609863,0.0142599117045505
"g2415",719.798996958429,-1.1784269095663,0.400919634683939,-2.93930954640148,0.00328944365534185,0.0144576993429965
"g957",301.112725709318,1.70813739652704,0.581512632254148,2.93740376697528,0.00330972874736513,0.014511887584601
"g1523",213.99578417419,1.25548399676105,0.42763425049978,2.93588269717347,0.00332600068211483,0.0145134575219556
"g1632",672.620706281062,0.917788702901998,0.312562847339519,2.93633331892788,0.00332117249093812,0.0145134575219556
"g2529",13.481131936139,-3.12403284379174,1.06671524767121,-2.92864740671134,0.00340440365438465,0.0148201247388964
"g1509",5060.96243942128,1.53225074057307,0.523809310884927,2.92520714835037,0.00344226999425514,0.0149137778373429
"g1549",5675.80667814896,1.21864621125159,0.416559564525594,2.92550289330043,0.00343899978131002,0.0149137778373429
"g142",887.816660721639,1.42358116472929,0.487188717948485,2.9220322890971,0.00347755486453357,0.015005058314216
"g628",19.8612210933228,3.79787377235361,1.29982618111294,2.92183203226586,0.00347979148405339,0.015005058314216
"g1412",28.1054563715083,1.90865106831128,0.653619646404097,2.92012499748403,0.00349891014590391,0.0150519153446432
"g965",116.839235182971,-1.72087715397034,0.589605285269265,-2.91869356833266,0.00351501567507476,0.0150856202149091
"g2414",9.30431380335075,-4.74542481013893,1.6278436014635,-2.91516015781405,0.00355506053112758,0.0152216676262364
"g1560",68.3467701792011,-1.27548889971374,0.439258230301547,-2.9037336394087,0.00368741725596104,0.0157514029856509
"g2385",92.0522622481437,-2.00217511654782,0.689735336771827,-2.90281650048352,0.00369823258845028,0.0157606921526479
"g1750",2568.80536465312,-1.04530827486374,0.360903137958703,-2.8963679306755,0.00377509505099369,0.0160507537832459
"g1791",311.479509020152,-1.74998212414032,0.604881905561451,-2.8930971616947,0.00381463272850542,0.0161811397599858
"g2343",1333.59505433927,0.919085032717593,0.317916319139205,2.89096525527888,0.00384060578405796,0.0162223491211952
"g2495",1630.07042419898,-1.01465161835262,0.350988493669316,-2.89084011770647,0.0038421353181778,0.0162223491211952
"g2133",7.78324015410359,-4.47963670858108,1.55002306791913,-2.89004518790477,0.00385186453388606,0.0162258681519819
"g448",497.861326240859,0.884466314455705,0.306169336511453,2.88881415929325,0.00386697537680844,0.0162519886804115
"g2476",7466.19422073057,1.00326176165933,0.347694483147961,2.88546931368016,0.00390830560627794,0.0163879297145999
"g468",7024.9933835208,-1.70909735149367,0.592610468917186,-2.88401478059698,0.00392640323964633,0.0164260539199883
"g1399",1066.50585945462,-1.91315027505805,0.664308367845496,-2.8799129555794,0.0039778497781079,0.0166031990738417
"g2261",629.551070995285,0.87618943902641,0.305197086899762,2.8708971239761,0.00409308708835062,0.017045184587104
"g1041",12069.5098860456,1.61094960716497,0.561288805393432,2.87009039140873,0.0041035447393068,0.0170498077551153
"g489",2606.3376366795,1.25426815463824,0.438034486972011,2.86340046718372,0.00419120470083043,0.0173440952969811
"g1468",1198.34920835049,0.819987242696326,0.28638486982642,2.86323520929485,0.00419339146160562,0.0173440952969811
"g1106",1988.11858015249,0.923501895944921,0.322996238154519,2.85917229631363,0.00424748017888738,0.0175280630006574
"g361",18.5019603912759,-2.23163377688794,0.781069254030401,-2.85715225042142,0.00427460745132575,0.0175834281231242
"g2044",5.02298916566717,5.86238460013429,2.05212469145113,2.85673898109417,0.00428017658260261,0.0175834281231242
"g1720",1276.94938164691,0.780795428885203,0.274027431343012,2.8493330943494,0.00438109860029752,0.0179575816785229
"g139",1184.32334578477,1.71155431124728,0.603715013503409,2.83503685176718,0.0045820399828863,0.0187391052214901
"g1870",1415.48036272219,-1.25318694053124,0.44230987708896,-2.83327821838171,0.0046073266530952,0.0187928871719011
"g2503",6384.40341912975,2.43690758480859,0.860280033584409,2.83269108856923,0.00461579684923887,0.0187928871719011
"g2440",418.344516810002,1.48912938692257,0.526925062327527,2.82607431945789,0.00471223295417817,0.0191427904419175
"g1596",120.835836599433,3.34179029109021,1.18301785029184,2.82480124054411,0.00473099532630609,0.0191763010559607
"g1883",1456.05761548378,0.844507619481749,0.301259631884336,2.80325516631444,0.00505896266099672,0.0204601948861597
"g196",230.836328122067,-1.51745411044656,0.543188377872975,-2.79360562976076,0.00521240026129693,0.0210341107889504
"g1190",462.383849080357,-1.37141858703745,0.491258306737442,-2.79164457522429,0.00524409243904187,0.0210687766713929
"g1374",3920.04499134462,0.890816526158734,0.319046913418231,2.79211767515514,0.00523643088195152,0.0210687766713929
"g2469",1413.2914284682,-1.44528361018369,0.51815197833354,-2.78930443309694,0.00528213871325934,0.0211749912373298
"g1285",20.0023282864508,2.25364076521424,0.80859886812577,2.78709364315324,0.00531831081892306,0.0212732432756922
"g1229",187.786758245255,-1.26383564083606,0.45382946138844,-2.78482502429327,0.00535566152763633,0.0213757694232137
"g1626",58.274032026042,-1.39205918383719,0.500288702192953,-2.78251173319581,0.00539399148771292,0.0214817477589265
"g1749",784.52674765633,-0.861049889510118,0.311181486850641,-2.76703443454976,0.0056568779679973,0.0224796196375318
"g711",3421.40232147089,-1.03363407600343,0.374206153382955,-2.76220491474824,0.00574124329101194,0.0227158953640039
"g1780",91.7900929203817,-1.82883674993982,0.662035622341811,-2.76244463020086,0.00573702916509843,0.0227158953640039
"g463",608.350925664938,1.08925859148493,0.394507842573984,2.76105687627909,0.00576146418641743,0.0227465599048169
"g1510",2610.48120815216,1.37736599496054,0.499844886327514,2.75558684831287,0.00585869485150041,0.0230804738858245
"g1082",533.757466963749,-1.06362876578221,0.387200494197458,-2.7469716121793,0.00601483403648307,0.0236445200054852
"g770",3501.56657305077,-1.04107026085727,0.37948212836701,-2.74339733820197,0.00608070584620182,0.0238520590612303
"g1004",13.776985250345,3.04241882897584,1.11002014220134,2.74086812780015,0.00612770957154367,0.0239848546319649
"g426",1120.05597501641,-1.29537814271769,0.473168637488431,-2.73766695441508,0.00618767035849661,0.0240646284304857
"g884",250.720256225746,1.70814333146566,0.623833683148035,2.73813899058144,0.00617879562798024,0.0240646284304857
"g892",5187.01173980266,-1.87418924229345,0.684307136928952,-2.73881294107859,0.00616614457913381,0.0240646284304857
"g211",1302.06726601554,0.789873028821068,0.289107210382741,2.73211113543442,0.00629299096143171,0.0244221606673435
"g766",93.1113072270613,1.31701422340892,0.482529846643861,2.72939432155161,0.00634507822758172,0.0245720226902528
"g34",1397.06397677349,1.22111781996851,0.44771834117758,2.72742415858316,0.00638309292056135,0.0246668675574235
"g2296",54.7308247251732,-2.18431989840416,0.801964595254185,-2.72371113554188,0.00645529396420036,0.024893142052223
"g1343",2573.82417627745,-1.74567734607646,0.641486237503019,-2.72130132186701,0.00650254595688892,0.0250224553277751
"g5",116.782789603843,-1.49615435525074,0.550615305263673,-2.71724076855125,0.00658287008574256,0.0250716897460628
"g351",4.16059306533977,-5.43148918794592,1.99846580909761,-2.71782942856474,0.00657117043460667,0.0250716897460628
"g593",155.012786511012,-1.243752852576,0.457661163588058,-2.71762813087524,0.00657516913198542,0.0250716897460628
"g612",18.2923798871954,2.21658875028907,0.815364671404493,2.7185243953125,0.00655738200352592,0.0250716897460628
"g1028",48.1002260994567,1.36853311744879,0.504042673273587,2.71511360052242,0.00662530397894861,0.0250716897460628
"g1928",7035.03253743101,1.63444990791918,0.60180326635298,2.71592063270809,0.00660917599711337,0.0250716897460628
"g2076",95.6174629878922,-2.18625609444094,0.805052805142099,-2.715667941875,0.00661422204881767,0.0250716897460628
"g2174",1121.97484961553,1.09002010478891,0.401252327327185,2.7165452523347,0.00659671764912879,0.0250716897460628
"g1039",349.982000683283,-1.08999709349371,0.401998541295326,-2.71144539475568,0.00669905739604279,0.0252983037067951
"g497",4019.65841195934,-0.882318758869197,0.325997750494669,-2.7065179361832,0.00679929093567258,0.0256237741046834
"g1595",3643.05422971442,0.892202466765155,0.329874588583686,2.70467170749896,0.00683719233994079,0.0257134821196948
"g998",839.547535607799,1.41719434349892,0.525070768184318,2.69905397399962,0.0069536897563633,0.0260977985917833
"g231",93.855301870114,-1.31466578325351,0.487824593202467,-2.69495593615526,0.00703979400341461,0.0263667027971833
"g2321",120.102031216777,5.34586048876532,1.98648530755433,2.69111504043637,0.00712136333056506,0.0266175547437514
"g481",535.037524306614,-1.38682194857947,0.516102516531012,-2.68710557332874,0.007207416841296,0.0268520495787265
"g485",19.7239751664631,2.5152212556303,0.936369903372546,2.68614064438761,0.00722826553901026,0.0268520495787265
"g547",2546.39418041453,0.993615335608159,0.369818755999933,2.6867629602008,0.00721481331015069,0.0268520495787265
"g1546",7.12707934159124,6.37316348266671,2.37405734113308,2.68450275915617,0.00726377837528328,0.0269291295864161
"g1547",37.2243623320857,2.99267268342789,1.11623877594437,2.68103272160206,0.00733953387744757,0.0271547865972908
"g271",18.2537461591625,-2.46706708446746,0.921602060652277,-2.67693312525946,0.00742994633075526,0.0274336479904809
"g1264",2052.63845659403,-1.1141999879595,0.416815051198987,-2.6731280090641,0.0075147568769707,0.0276439101332569
"g1440",1600.13491237052,-1.52183328229098,0.569331304083104,-2.67301880535422,0.00751720363272775,0.0276439101332569
"g1256",140.826685364162,-1.48399806094946,0.556883192752832,-2.66482824452581,0.00770276525520501,0.0282693034718188
"g1896",108.134022685899,-1.72905939069644,0.649150425614142,-2.66357275982778,0.00773156895605233,0.0283180356944567
"g1263",7.11665620839425,3.84150376027852,1.44369489100766,2.66088339316437,0.00779359425317937,0.0284880078513009
"g2428",230.334350399993,1.19708871676487,0.450298954723154,2.65843103611209,0.0078505415841652,0.0286387756990346
"g1191",1691.01862067358,0.893104970270867,0.338150545241054,2.64114603048831,0.00826260969206642,0.0300818364836909
"g482",1494.92125136079,0.932018609518885,0.35316591451412,2.63903896501773,0.00831414241690461,0.0302091549171992
"g129",4253.49015236102,-1.07802939316062,0.409223483586651,-2.6343292513719,0.00843036939573861,0.0305705641706307
"g198",720.677634518525,-0.803527082418597,0.305439211292498,-2.63072668050179,0.00852025278080536,0.0308352005400575
"g771",2149.5666944202,-1.1299663053233,0.430393321036646,-2.6254271386035,0.00865403283968335,0.0312409918292197
"g2516",30.5788659068333,1.60002891525732,0.60955068286938,2.62493170826319,0.00866663479472871,0.0312409918292197
"g736",1282.56635412909,0.872740105102965,0.332810854875991,2.62233064912548,0.00873306580879076,0.0314183669334011
"g145",458.701582293106,-1.62858684460057,0.621785130874102,-2.61921162751369,0.00881332529731124,0.0316446955557002
"g1730",13.9065330035226,2.6849208700249,1.02571780659597,2.61760189085076,0.00885500474651864,0.0317318834138507
"g1109",414.653621305644,0.731460861564079,0.279657666252049,2.61555805484277,0.00890817760062612,0.0318066980303407
"g1965",899.089978351552,1.07118121528598,0.40955761705078,2.61545914589391,0.00891075805564917,0.0318066980303407
"g1745",12.6399593560684,3.45417999903931,1.32266426374819,2.61153196144484,0.00901375619385962,0.0321115064406249
"g1846",22.4640899918034,2.00932180561108,0.769667641396249,2.61063567901333,0.00903741144346661,0.032133018465659
"g1682",6.01279617633139,5.12191522595841,1.96654244127681,2.60452819041775,0.00920008521988958,0.0326477732316704
"g1859",1528.63874733785,-0.665258296529623,0.255522647923674,-2.60351989123226,0.00922719131204044,0.0326803824333238
"g457",3767.52838608254,1.0231479661987,0.393452344797949,2.60043682475477,0.00931051602965477,0.0328479327622636
"g734",2277.61705260182,-1.08750257991936,0.418190131332239,-2.6004979516252,0.00930885747774672,0.0328479327622636
"g209",878.969666816096,-1.01887947376626,0.392517110017137,-2.5957581154151,0.00943824827359296,0.0332342950792154
"g1258",1845.76323040673,0.746210264060828,0.287618563641748,2.59444402549166,0.00947440394814264,0.033297327170351
"g952",502.025085214494,-1.48266152500877,0.571743851873028,-2.59322687974971,0.00950800245624295,0.033351147077283
"g67",672.079479667844,1.72512151239632,0.665891970855129,2.59069276684767,0.00957829608949842,0.0334690761594628
"g769",96.6767808552689,1.34331378537122,0.518515460129228,2.59069186680843,0.00957832113774099,0.0334690761594628
"g539",3875.09894910896,1.15338053122422,0.445985233247028,2.58614062808078,0.00970573224895166,0.0337848389734501
"g904",666.093019621017,1.0778540363571,0.416763910953821,2.58624609287853,0.00970276276605795,0.0337848389734501
"g2530",73.1587421267536,-1.47524949571137,0.570888416555315,-2.58412932007429,0.00976251818708791,0.033917777472854
"g574",1978.74858974991,0.895214909936305,0.347059833881727,2.57942528215865,0.00989648651384948,0.0340151033859338
"g792",1967.99451616969,0.676312674685639,0.262054600119118,2.58080825285348,0.00985693132142991,0.0340151033859338
"g1222",4416.12543949563,0.822205253722074,0.318941422883553,2.57791931285848,0.00993972045213966,0.0340151033859338
"g1427",62.1251584665171,-1.49223491485187,0.578657498145525,-2.57878783154831,0.00991476619690017,0.0340151033859338
"g1858",100.959095728659,1.07493468126047,0.416521893437925,2.5807399279497,0.00985888221111859,0.0340151033859338
"g1985",679.702988597437,0.983225551848888,0.380808370576636,2.58194311842475,0.00982457762689382,0.0340151033859338
"g2165",4430.09302016417,-1.46123542436094,0.566290242984652,-2.5803648260995,0.00986959867227228,0.0340151033859338
"g2382",134.618612710366,1.15413162728712,0.447688623979159,2.5779784552686,0.00993801940046809,0.0340151033859338
"g670",21.1450861981788,2.6957426170712,1.04670382591651,2.57545883594221,0.0100107188460166,0.0341939160583039
"g928",154.883609659089,-1.33699687181712,0.520895612627142,-2.56672707430566,0.0102663381895288,0.0350014969302815
"g378",57.2433779607037,1.40607797545624,0.549533791478053,2.55867427492382,0.0105072139721468,0.0357558923231263
"g1439",3467.12453312396,-1.49022452796314,0.583084125851209,-2.55576247387571,0.0105955417623273,0.0359893262094694
"g262",1455.16950643522,0.829794345175943,0.325210133871293,2.55156361610905,0.010724074422461,0.0363582002724328
"g1887",1097.77587579411,0.904344671714392,0.355809147004737,2.54165661374172,0.0110328505896317,0.037335657653967
"g1080",898.433636105562,0.839367950768481,0.330911516771576,2.53653290449811,0.0111956220974789,0.0378163235292622
"g1518",7083.44609028446,-1.82718688770934,0.720704593266868,-2.53527853822455,0.0112357947248409,0.0378818661332898
"g294",10.0772595553222,-2.79759226271632,1.10557194442108,-2.53044795215137,0.0113916984831052,0.0383342240875391
"g2392",3995.56037894602,0.687721229487251,0.271845557009856,2.52982331972531,0.0114119976313233,0.0383342240875391
"g151",203.546503306506,1.21818829261413,0.481903561917495,2.52786737613425,0.0114757692422637,0.0384775792240606
"g56",19.7541823250212,-1.88082001071264,0.744720297808425,-2.52553880463249,0.0115521022828288,0.0385916383953841
"g633",92.2018760441326,-1.43294907501642,0.567370396388479,-2.5255971833174,0.0115501830747525,0.0385916383953841
"g1451",33.0663310482276,3.33188961051372,1.32087120899433,2.52249393266019,0.0116525960333294,0.0388561886010837
"g1389",2259.3208618415,0.774196735509438,0.307753913468212,2.51563571291322,0.0118817922568724,0.039548155249152
"g2162",155.726478995211,-2.40477604997893,0.956319540909242,-2.51461561445511,0.011916222479912,0.0395905096600357
"g103",80.4478568725753,-1.33952630532748,0.53303336662786,-2.51302524230659,0.0119700769795241,0.0396971280193673
"g1922",107.488100400139,-2.20680338619087,0.883058089297033,-2.49904667987088,0.012452790666661,0.0412230311723952
"g2423",19525.2788922049,1.11037163382232,0.444446239049909,2.49832608820351,0.0124781352383537,0.041232099048473
"g126",1049.51122048322,-0.806018244035324,0.323115846932061,-2.49451783838012,0.0126128386617777,0.0416018403600047
"g354",1428.7531818751,-1.38398136930691,0.554972999569682,-2.49378144590823,0.0126390339818879,0.0416129927490318
"g428",762.91359074132,1.62490388959302,0.652597668668498,2.48990146242528,0.0127778516281175,0.0416215401334171
"g947",768.683032834832,-0.895568531909644,0.359467215595423,-2.4913774971835,0.0127248839879434,0.0416215401334171
"g1104",19.4493786714316,2.8441635909209,1.14146197354927,2.49168492409541,0.0127138764296411,0.0416215401334171
"g1432",580.451992522986,-0.798165823202001,0.320563684964171,-2.48988223133013,0.0127785430234175,0.0416215401334171
"g1514",51.2438249640919,-1.34887743338487,0.541380248969745,-2.49155272278921,0.0127186089233669,0.0416215401334171
"g2085",1122.00992210155,1.06052252750606,0.42584911399947,2.49037157209485,0.0127609605634374,0.0416215401334171
"g2004",14228.7377965011,1.01142531157034,0.406608472922473,2.48746737691123,0.0128656252714007,0.0418304821658376
"g1639",3539.66134174326,1.12983573686201,0.454385415932046,2.48651408528257,0.0129001462862078,0.041868090437799
"g1947",323.264393464484,0.90934215431418,0.365927479560264,2.48503379797259,0.0129539135365468,0.0419679188111214
"g1625",21.8369531246418,2.32555180564156,0.936403903024437,2.48349221754671,0.0130101177222775,0.0420752743358762
"g409",1416.11932796662,0.735973562947597,0.296731222217222,2.48027004859242,0.013128291224241,0.0422592167495529
"g503",3254.15807775824,1.40315327470819,0.565776847286062,2.48004718015396,0.0131364999435288,0.0422592167495529
"g951",747.202353097953,-1.394170527217,0.562107945500109,-2.48025408354013,0.0131288791002578,0.0422592167495529
"g786",2572.0966269989,0.733565790052165,0.296055608379061,2.47779731000038,0.0132196219734407,0.042451743802035
"g1112",350.652883893082,-1.43148068395703,0.578931284424759,-2.4726262381543,0.0134124334608462,0.0429952172804631
"g2171",3713.44195392824,-0.93135907562492,0.377822381840359,-2.46507120909117,0.0136986024411557,0.0438355278116982
"g1446",213.044984946006,2.14338709354068,0.871787307578041,2.45861241028541,0.0139475104863271,0.0445068953784201
"g1738",3303.51346306446,0.858593353043562,0.349254114657377,2.45836288539035,0.0139572062261273,0.0445068953784201
"g1491",9.73592865965592,-2.99258131521818,1.21808178493921,-2.45679834656384,0.0140181349243772,0.0446231729529913
"g782",2899.75939864387,-0.867519472320082,0.353616704405791,-2.45327627770821,0.0141561566331605,0.0449774982305711
"g1282",2224.56629992301,-1.02006075616516,0.415998638382072,-2.45207715133983,0.0142034204938646,0.0449774982305711
"g1916",125.620076266015,2.11882373807145,0.863963264907447,2.45244656125331,0.0141888452935762,0.0449774982305711
"g1248",464.288104629133,-1.12940590107125,0.461009017727084,-2.4498564185134,0.0142913190262598,0.0451774105786792
"g1718",9191.98579015704,-1.42393822649916,0.581895369409582,-2.44706918349248,0.0144023190673779,0.0453710362329832
"g2470",303.145839709409,-1.01312664025688,0.41397328154157,-2.44732374148438,0.0143921499840218,0.0453710362329832
"g1729",569.167193592142,-0.864245075365812,0.353584705000555,-2.44423772618913,0.014515858103344,0.0456498710008611
"g2323",985.293345885727,0.750355658570604,0.307190559455074,2.44263905733842,0.0145803113551693,0.0457736452871409
"g1368",15858.05319285,0.963066933480637,0.394838258590234,2.4391428959272,0.0147221454032228,0.04613950724309
"g802",1409.08777635442,0.631578234178136,0.259218196217249,2.43647337800628,0.0148312611307955,0.0464017500901734
"g807",2162.31860314614,0.638100512135593,0.262149381995964,2.43411030488493,0.0149284450093351,0.0466258282483344
"g197",408.96003443052,-1.30531191865411,0.53660463912083,-2.43253938466266,0.0149933608134371,0.0467039698567272
"g1937",66.9460221521087,-1.37811922089564,0.5665988423649,-2.4322662135058,0.0150046745263389,0.0467039698567272
"g994",42.1477969848087,1.7204988776696,0.70777898184931,2.43084200264639,0.0150637818318049,0.0468080716545351
"g1976",128.823741945303,1.3297004315184,0.548446457744388,2.42448540371124,0.0153300995733246,0.0475545945948028
"g1524",17.4679194181384,2.43338985797242,1.00442484160745,2.42266992727708,0.0154069182792122,0.0477117469291733
"g1436",30.0351687374479,-2.36656951634981,0.977132703131759,-2.42195303541151,0.0154373454902932,0.0477249460581267
"g2391",224.663726619921,-1.58235553470266,0.653767525353099,-2.42036423245103,0.0155049679890849,0.0478528961287492
"g523",38.5928392078909,-2.04058199041904,0.84334132371778,-2.41963951371831,0.015535899883877,0.0478673672097832
"g2260",989.965607246115,-1.25412072950369,0.518569895766115,-2.41842177832344,0.015587996630034,0.0479468901402731
"g790",515.600224643019,-0.750601113191038,0.310795743133729,-2.41509457505044,0.0157311244690509,0.0482244891286536
"g1262",1969.57492461148,-0.638289905263935,0.264276201340287,-2.41523792920748,0.0157249339878016,0.0482244891286536
"g836",3049.66979495859,-0.635175430021029,0.263138474016034,-2.41384477278046,0.0157851857206344,0.0483090247557669
"g390",13.297009083845,-4.00498697783782,1.66039883520617,-2.412063230182,0.0158625303138854,0.048445224261456
"g2320",3460.71851876806,0.846781722544844,0.351128975863589,2.41159739227506,0.0158828092699291,0.048445224261456
"g90",904.300732421805,-0.899250951612722,0.373943597146407,-2.40477697298464,0.0161823383250377,0.0492764359012834
"g1920",5.5670867913575,6.01048138393234,2.50272516277487,2.40157468080446,0.0163246765083678,0.0496270165854382
"g616",599.599063236711,-0.942902236047049,0.392866517950414,-2.40005750799577,0.0163924962978284,0.0497502716260216
"g576",1271.25639783361,-1.24579817205179,0.519259992445708,-2.39917996798501,0.0164318364746156,0.0497868267935196
